{
    "center": [
        [
            316.74456787109375,
            320.177734375
        ],
        [
            316.7424011230469,
            320.18182373046875
        ],
        [
            316.7542724609375,
            320.17645263671875
        ],
        [
            316.7276306152344,
            320.1412658691406
        ],
        [
            316.74188232421875,
            320.1678466796875
        ],
        [
            316.7411804199219,
            320.18011474609375
        ],
        [
            316.7294006347656,
            320.1759033203125
        ],
        [
            316.77880859375,
            320.19769287109375
        ]
    ],
    "axes_list": [
        [
            582.2619018554688,
            585.9561157226562
        ],
        [
            516.4960327148438,
            519.7474365234375
        ],
        [
            450.6649475097656,
            453.614013671875
        ],
        [
            384.86859130859375,
            387.3597106933594
        ],
        [
            319.02984619140625,
            321.1344909667969
        ],
        [
            253.2517547607422,
            254.88803100585938
        ],
        [
            187.48175048828125,
            188.5827178955078
        ],
        [
            121.70271301269531,
            122.53152465820312
        ]
    ],
    "angle": [
        90.41513061523438,
        90.113525390625,
        90.5266342163086,
        90.1711654663086,
        90.81478881835938,
        91.29708862304688,
        90.1664810180664,
        91.50267791748047
    ]
}