{
    "center": [
        [
            317.3562927246094,
            329.789794921875
        ],
        [
            318.0815734863281,
            331.6477355957031
        ],
        [
            317.6526794433594,
            332.4434814453125
        ],
        [
            319.6833801269531,
            333.6468811035156
        ],
        [
            317.224853515625,
            334.54150390625
        ]
    ],
    "axes_list": [
        [
            419.7567443847656,
            563.31201171875
        ],
        [
            336.34332275390625,
            448.04522705078125
        ],
        [
            235.11082458496094,
            317.6463928222656
        ],
        [
            156.5674285888672,
            206.67510986328125
        ],
        [
            86.5748519897461,
            115.16816711425781
        ]
    ],
    "angle": [
        89.76933288574219,
        89.94869232177734,
        90.77938842773438,
        86.8449935913086,
        90.24605560302734
    ]
}