{
    "center": [
        [
            331.88079833984375,
            296.72283935546875
        ],
        [
            333.2614440917969,
            296.750244140625
        ],
        [
            334.57171630859375,
            295.25213623046875
        ],
        [
            335.5373229980469,
            295.4710693359375
        ],
        [
            334.3851318359375,
            296.2373962402344
        ]
    ],
    "axes_list": [
        [
            379.10504150390625,
            500.51263427734375
        ],
        [
            300.56298828125,
            400.9737854003906
        ],
        [
            219.77890014648438,
            290.0555114746094
        ],
        [
            140.10586547851562,
            186.7450714111328
        ],
        [
            78.25851440429688,
            103.64786529541016
        ]
    ],
    "angle": [
        179.8839111328125,
        179.65579223632812,
        179.96156311035156,
        2.9608185291290283,
        179.66812133789062
    ]
}