{
    "center": [
        [
            339.1748962402344,
            270.9431457519531
        ],
        [
            338.2154541015625,
            269.189208984375
        ],
        [
            343.5525207519531,
            270.82574462890625
        ]
    ],
    "axes_list": [
        [
            170.0640411376953,
            557.5397338867188
        ],
        [
            90.5311279296875,
            423.2810363769531
        ],
        [
            43.1521110534668,
            241.15292358398438
        ]
    ],
    "angle": [
        88.45320129394531,
        87.90595245361328,
        87.66751098632812
    ]
}