{
    "center": [
        [
            326.2583923339844,
            300.7182922363281
        ],
        [
            325.9630432128906,
            302.03533935546875
        ],
        [
            333.9923400878906,
            298.82733154296875
        ]
    ],
    "axes_list": [
        [
            474.7367248535156,
            597.1229858398438
        ],
        [
            335.7439880371094,
            452.61480712890625
        ],
        [
            143.55897521972656,
            257.18798828125
        ]
    ],
    "angle": [
        6.860236644744873,
        4.576777935028076,
        6.13685417175293
    ]
}