{
    "center": [
        [
            351.9515686035156,
            341.951416015625
        ],
        [
            350.4192810058594,
            342.2393493652344
        ],
        [
            349.3938903808594,
            341.28314208984375
        ],
        [
            349.3616943359375,
            340.701904296875
        ],
        [
            347.2400817871094,
            341.1785583496094
        ]
    ],
    "axes_list": [
        [
            304.28704833984375,
            409.607421875
        ],
        [
            242.6540069580078,
            324.46319580078125
        ],
        [
            167.7171173095703,
            227.14427185058594
        ],
        [
            113.7889175415039,
            150.09097290039062
        ],
        [
            63.88235855102539,
            84.52680969238281
        ]
    ],
    "angle": [
        89.67510223388672,
        89.94603729248047,
        91.40174865722656,
        88.47329711914062,
        90.15719604492188
    ]
}