{
    "center": [
        [
            316.8990783691406,
            320.83575439453125
        ],
        [
            317.1641540527344,
            320.55133056640625
        ],
        [
            317.4798278808594,
            320.5751037597656
        ],
        [
            317.74041748046875,
            320.6824951171875
        ],
        [
            317.92340087890625,
            320.69683837890625
        ],
        [
            317.9160461425781,
            320.730712890625
        ]
    ],
    "axes_list": [
        [
            610.1846923828125,
            621.0948486328125
        ],
        [
            459.9500427246094,
            467.6566162109375
        ],
        [
            341.1706237792969,
            346.8040771484375
        ],
        [
            249.36654663085938,
            253.4010009765625
        ],
        [
            173.7308349609375,
            176.58241271972656
        ],
        [
            105.48005676269531,
            107.3367691040039
        ]
    ],
    "angle": [
        1.5793263912200928,
        0.23582984507083893,
        0.6850109100341797,
        179.2501678466797,
        179.2591094970703,
        1.293407678604126
    ]
}