{
    "center": [
        [
            338.34588623046875,
            311.391845703125
        ],
        [
            341.6527099609375,
            313.9996643066406
        ],
        [
            343.0222473144531,
            315.57562255859375
        ],
        [
            344.36248779296875,
            315.5709533691406
        ],
        [
            348.3857421875,
            322.69171142578125
        ],
        [
            345.6071472167969,
            318.4199523925781
        ]
    ],
    "axes_list": [
        [
            417.01458740234375,
            562.4337768554688
        ],
        [
            334.2907409667969,
            447.2461242675781
        ],
        [
            233.24295043945312,
            317.0009460449219
        ],
        [
            155.10446166992188,
            207.35305786132812
        ],
        [
            89.35171508789062,
            124.7009048461914
        ],
        [
            77.7920150756836,
            105.39801788330078
        ]
    ],
    "angle": [
        0.7080764174461365,
        0.7351978421211243,
        1.088706612586975,
        177.89175415039062,
        163.6461639404297,
        0.6052459478378296
    ]
}