{
    "center": [
        [
            327.4327392578125,
            338.5971374511719
        ],
        [
            325.1795959472656,
            341.2096862792969
        ],
        [
            323.1724548339844,
            342.7765808105469
        ],
        [
            323.4035949707031,
            344.2406005859375
        ],
        [
            320.6528015136719,
            345.2298583984375
        ]
    ],
    "axes_list": [
        [
            417.5498046875,
            562.5819091796875
        ],
        [
            333.36700439453125,
            446.8515625
        ],
        [
            233.42831420898438,
            317.3556213378906
        ],
        [
            155.5560302734375,
            206.5003204345703
        ],
        [
            86.22320556640625,
            114.9169692993164
        ]
    ],
    "angle": [
        90.55231475830078,
        91.15033721923828,
        91.48856353759766,
        88.97647857666016,
        91.47909545898438
    ]
}